;Tweets;Labels;step01;tokens;tokens_perbaikan;Stop_removal;step02;ProcessedText
0;@seongwuuu95 SIAPA YANG NGIDE MAKAN BUBUR DIADUK SIH?;0;user allcaps siapa yang ngide makan bubur diaduk sih allcaps;['user', 'allcaps', 'siapa', 'yang', 'ngide', 'makan', 'bubur', 'diaduk', 'sih', 'allcaps'];['user', 'allcaps', 'siapa', 'yang', 'ngide', 'makan', 'bubur', 'diaduk', 'sih', 'allcaps'];['user', 'allcaps', 'ngide', 'makan', 'bubur', 'diaduk', 'sih', 'allcaps'];user allcaps ngide makan bubur diaduk sih allcaps;user allcaps ngide makan bubur aduk sih allcaps
1;@tennierubyten Sambil makan bubur, diaduk;1;user sambil makan bubur diaduk;['user', 'sambil', 'makan', 'bubur', 'diaduk'];['user', 'sambil', 'makan', 'bubur', 'diaduk'];['user', 'makan', 'bubur', 'diaduk'];user makan bubur diaduk;user makan bubur aduk
2;Kenapa ini game dari bubur diaduk/bubur diseruput jadi doi fall out love/diselingkuhin taeeeekkk;0;kenapa ini game dari bubur diaduk bubur diseruput jadi doi fall out love diselingkuhin taek elongated;['kenapa', 'ini', 'game', 'dari', 'bubur', 'diaduk', 'bubur', 'diseruput', 'jadi', 'doi', 'fall', 'out', 'love', 'diselingkuhin', 'taek', 'elongated'];['kenapa', 'ini', 'game', 'dari', 'bubur', 'diaduk', 'bubur', 'diseruput', 'jadi', 'doi', 'fall', 'out', 'love', 'diselingkuhin', 'taek', 'elongated'];['game', 'bubur', 'diaduk', 'bubur', 'diseruput', 'doi', 'fall', 'out', 'love', 'diselingkuhin', 'taek', 'elongated'];game bubur diaduk bubur diseruput doi fall out love diselingkuhin taek elongated;game bubur aduk bubur seruput doi fall out love diselingkuhin taek elongated
3;RT @fantabeku: mile kalo kulit ayam mcd nya diminta, ngantri mie gacoan, makan bubur diaduk sm ngangkat galon,  kayaknya mau2 aja asal apoâ¦;1;rt user mile kalo kulit ayam mcd nya diminta ngantri mie gacoan makan bubur diaduk sm ngangkat galon kayaknya mau2 aja asal apo;['rt', 'user', 'mile', 'kalo', 'kulit', 'ayam', 'mcd', 'nya', 'diminta', 'ngantri', 'mie', 'gacoan', 'makan', 'bubur', 'diaduk', 'sm', 'ngangkat', 'galon', 'kayaknya', 'mau2', 'aja', 'asal', 'apo'];['rt', 'user', 'mile', 'kalau', 'kulit', 'ayam', 'mcd', 'nya', 'diminta', 'ngantri', 'mie', 'gacoan', 'makan', 'bubur', 'diaduk', 'sama', 'ngangkat', 'galon', 'kayaknya', 'mau2', 'saja', 'asal', 'apo'];['rt', 'user', 'mile', 'kulit', 'ayam', 'mcd', 'nya', 'ngantri', 'mie', 'gacoan', 'makan', 'bubur', 'diaduk', 'ngangkat', 'galon', 'kayaknya', 'mau2', 'apo'];rt user mile kulit ayam mcd nya ngantri mie gacoan makan bubur diaduk ngangkat galon kayaknya mau2 apo;rt user mile kulit ayam mcd nya ngantri mie gaco makan bubur aduk ngangkat galon kayak mau2 apo
4;@Ken_Atie @Iyaaaa_iniaku Tuh @Nisaa_C_Almeer  penikmat bubur ayam diaduk;1;user user tuh user penikmat bubur ayam diaduk;['user', 'user', 'tuh', 'user', 'penikmat', 'bubur', 'ayam', 'diaduk'];['user', 'user', 'itu', 'user', 'penikmat', 'bubur', 'ayam', 'diaduk'];['user', 'user', 'user', 'penikmat', 'bubur', 'ayam', 'diaduk'];user user user penikmat bubur ayam diaduk;user user user nikmat bubur ayam aduk
5;@cimolasin apkh km sekte bubur diaduk? klo iyh ak akan ngepens sm km;1;user apkh km sekte bubur diaduk klo iyh ak akan ngepens sm km;['user', 'apkh', 'km', 'sekte', 'bubur', 'diaduk', 'klo', 'iyh', 'ak', 'akan', 'ngepens', 'sm', 'km'];['user', 'apkh', 'kamu', 'sekte', 'bubur', 'diaduk', 'kalau', 'iyh', 'aku', 'akan', 'ngepens', 'sama', 'kamu'];['user', 'apkh', 'sekte', 'bubur', 'diaduk', 'iyh', 'ngepens'];user apkh sekte bubur diaduk iyh ngepens;user apkh sekte bubur aduk iyh ngepens
6;@bittrefIy @ssefnum LMAO gapapa pertumpahan bubur daripada ribut bubur diaduk apa engga;1;user user allcaps lmao allcaps gapapa pertumpahan bubur daripada ribut bubur diaduk apa engga;['user', 'user', 'allcaps', 'lmao', 'allcaps', 'gapapa', 'pertumpahan', 'bubur', 'daripada', 'ribut', 'bubur', 'diaduk', 'apa', 'engga'];['user', 'user', 'allcaps', 'lmao', 'allcaps', 'baik ', 'pertumpahan', 'bubur', 'daripada', 'ribut', 'bubur', 'diaduk', 'apa', 'tidak'];['user', 'user', 'allcaps', 'lmao', 'allcaps', 'baik ', 'pertumpahan', 'bubur', 'ribut', 'bubur', 'diaduk'];user user allcaps lmao allcaps baik  pertumpahan bubur ribut bubur diaduk;user user allcaps lmao allcaps baik tumpah bubur ribut bubur aduk
7;bubur diaduk itu ga enak. jadi lebih baik tidak diadukð https://t.co/K227kxg2QO;0;bubur diaduk itu ga enak jadi lebih baik tidak diaduk cok227kxg2qo;['bubur', 'diaduk', 'itu', 'ga', 'enak', 'jadi', 'lebih', 'baik', 'tidak', 'diaduk', 'cok227kxg2qo'];['bubur', 'diaduk', 'itu', 'tidak', 'enak', 'jadi', 'lebih', 'baik', 'tidak', 'diaduk', 'cok227kxg2qo'];['bubur', 'diaduk', 'enak', 'diaduk', 'cok227kxg2qo'];bubur diaduk enak diaduk cok227kxg2qo;bubur aduk enak aduk cok227kxg2qo
8;@itjeea MANA ENAK BUBUR GA DIADUK;1;user allcaps mana enak bubur ga diaduk allcaps;['user', 'allcaps', 'mana', 'enak', 'bubur', 'ga', 'diaduk', 'allcaps'];['user', 'allcaps', 'mana', 'enak', 'bubur', 'tidak', 'diaduk', 'allcaps'];['user', 'allcaps', 'enak', 'bubur', 'diaduk', 'allcaps'];user allcaps enak bubur diaduk allcaps;user allcaps enak bubur aduk allcaps
9;@adamnoto @fuckedupfoods hanya orgil yg makan bubur ga diaduk;0;user user hanya orgil yg makan bubur ga diaduk;['user', 'user', 'hanya', 'orgil', 'yg', 'makan', 'bubur', 'ga', 'diaduk'];['user', 'user', 'hanya', 'orgil', 'yang', 'makan', 'bubur', 'tidak', 'diaduk'];['user', 'user', 'orgil', 'makan', 'bubur', 'diaduk'];user user orgil makan bubur diaduk;user user orgil makan bubur aduk
10;Bubur diaduk or tidak diaduk;1;bubur diaduk or tidak diaduk;['bubur', 'diaduk', 'or', 'tidak', 'diaduk'];['bubur', 'diaduk', 'or', 'tidak', 'diaduk'];['bubur', 'diaduk', 'or', 'diaduk'];bubur diaduk or diaduk;bubur aduk or aduk
11;bubur diaduk/diaduk?;1;bubur diaduk diaduk;['bubur', 'diaduk', 'diaduk'];['bubur', 'diaduk', 'diaduk'];['bubur', 'diaduk', 'diaduk'];bubur diaduk diaduk;bubur aduk aduk
12;@zvhaolusi Bubur diaduk apa disedot;1;user bubur diaduk apa disedot;['user', 'bubur', 'diaduk', 'apa', 'disedot'];['user', 'bubur', 'diaduk', 'apa', 'disedot'];['user', 'bubur', 'diaduk', 'disedot'];user bubur diaduk disedot;user bubur aduk sedot
13;fvk bubur diaduk, penistaan tehadap seni visual buryam https://t.co/frm3p3OzUD;0;fvk bubur diaduk penistaan tehadap seni visual buryam cofrm3p3ozud;['fvk', 'bubur', 'diaduk', 'penistaan', 'tehadap', 'seni', 'visual', 'buryam', 'cofrm3p3ozud'];['fvk', 'bubur', 'diaduk', 'penistaan', 'tehadap', 'seni', 'visual', 'buryam', 'cofrm3p3ozud'];['fvk', 'bubur', 'diaduk', 'penistaan', 'tehadap', 'seni', 'visual', 'buryam', 'cofrm3p3ozud'];fvk bubur diaduk penistaan tehadap seni visual buryam cofrm3p3ozud;fvk bubur aduk nista tehadap seni visual buryam cofrm3p3ozud
14;"Team Bubur Diadukâ
Team Bubur Gak diadukâ
Team Gak makan bubur â";1;team bubur diaduk team bubur gak diaduk team gak makan bubur;['team', 'bubur', 'diaduk', 'team', 'bubur', 'gak', 'diaduk', 'team', 'gak', 'makan', 'bubur'];['team', 'bubur', 'diaduk', 'team', 'bubur', 'tidak', 'diaduk', 'team', 'tidak', 'makan', 'bubur'];['team', 'bubur', 'diaduk', 'team', 'bubur', 'diaduk', 'team', 'makan', 'bubur'];team bubur diaduk team bubur diaduk team makan bubur;team bubur aduk team bubur aduk team makan bubur
15;orangâ pada sibuk bubur diaduk sma engga diaduk, gw yg adem anyem aj bubur pke saos barbeque https://t.co/q7JJFiSpOC;1;orang pada sibuk bubur diaduk sma engga diaduk gw yg adem anyem aj bubur pke saos barbeque coq7jjfispoc;['orang', 'pada', 'sibuk', 'bubur', 'diaduk', 'sma', 'engga', 'diaduk', 'gw', 'yg', 'adem', 'anyem', 'aj', 'bubur', 'pke', 'saos', 'barbeque', 'coq7jjfispoc'];['orang', 'pada', 'sibuk', 'bubur', 'diaduk', 'sama', 'tidak', 'diaduk', 'saya', 'yang', 'adem', 'anyem', 'saja', 'bubur', 'pke', 'saos', 'barbeque', 'coq7jjfispoc'];['orang', 'sibuk', 'bubur', 'diaduk', 'diaduk', 'adem', 'anyem', 'bubur', 'pke', 'saos', 'barbeque', 'coq7jjfispoc'];orang sibuk bubur diaduk diaduk adem anyem bubur pke saos barbeque coq7jjfispoc;orang sibuk bubur aduk aduk adem anyem bubur pke saos barbeque coq7jjfispoc
16;Perkara bubur diaduk ama ga diaduk ga kelar2 ajg https://t.co/t1djnfDJlc;0;perkara bubur diaduk ama ga diaduk ga kelar2 ajg cot1djnfdjlc;['perkara', 'bubur', 'diaduk', 'ama', 'ga', 'diaduk', 'ga', 'kelar2', 'ajg', 'cot1djnfdjlc'];['perkara', 'bubur', 'diaduk', 'sama', 'tidak', 'diaduk', 'tidak', 'kelar2', 'ajg', 'cot1djnfdjlc'];['perkara', 'bubur', 'diaduk', 'diaduk', 'kelar2', 'ajg', 'cot1djnfdjlc'];perkara bubur diaduk diaduk kelar2 ajg cot1djnfdjlc;perkara bubur aduk aduk kelar2 ajg cot1djnfdjlc
17;"@BBYAMBIwuih tim bubur gak diaduk soalnya kalau diaduk ga estetik udah kek makanan ayam

@IUUUwuih sampe sekarang mâ¦ https://t.co/a8srGFJQZ9";0;user tim bubur gak diaduk soalnya kalau diaduk ga estetik udah kek makanan ayam user sampe sekarang coa8srgfjqz9;['user', 'tim', 'bubur', 'gak', 'diaduk', 'soalnya', 'kalau', 'diaduk', 'ga', 'estetik', 'udah', 'kek', 'makanan', 'ayam', 'user', 'sampe', 'sekarang', 'coa8srgfjqz9'];['user', 'tim', 'bubur', 'tidak', 'diaduk', 'soalnya', 'kalau', 'diaduk', 'tidak', 'estetik', 'sudah', 'kayak', 'makanan', 'ayam', 'user', 'sampai', 'sekarang', 'coa8srgfjqz9'];['user', 'tim', 'bubur', 'diaduk', 'diaduk', 'estetik', 'kayak', 'makanan', 'ayam', 'user', 'coa8srgfjqz9'];user tim bubur diaduk diaduk estetik kayak makanan ayam user coa8srgfjqz9;user tim bubur aduk aduk estetik kayak makan ayam user coa8srgfjqz9
18;@amfas2020 Ampuun tim bubur diaduk jgn marahin kita yað­ðâð;1;user ampuun tim bubur diaduk jgn marahin kita ya;['user', 'ampuun', 'tim', 'bubur', 'diaduk', 'jgn', 'marahin', 'kita', 'ya'];['user', 'ampuun', 'tim', 'bubur', 'diaduk', 'jangan', 'marahin', 'kita', 'ya'];['user', 'ampuun', 'tim', 'bubur', 'diaduk', 'marahin', 'ya'];user ampuun tim bubur diaduk marahin ya;user ampuun tim bubur aduk marahin ya
19;@AndromedaJ_ jingga kalo makan bubur diaduk apa dilemparin;0;user jingga kalo makan bubur diaduk apa dilemparin;['user', 'jingga', 'kalo', 'makan', 'bubur', 'diaduk', 'apa', 'dilemparin'];['user', 'jingga', 'kalau', 'makan', 'bubur', 'diaduk', 'apa', 'dilemparin'];['user', 'jingga', 'makan', 'bubur', 'diaduk', 'dilemparin'];user jingga makan bubur diaduk dilemparin;user jingga makan bubur aduk dilemparin
20;@dalunathe @PRlSKILA @jaydennio bubur diaduk ap ga diaduk kalo bleh tau;1;user user user bubur diaduk ap ga diaduk kalo bleh tau;['user', 'user', 'user', 'bubur', 'diaduk', 'ap', 'ga', 'diaduk', 'kalo', 'bleh', 'tau'];['user', 'user', 'user', 'bubur', 'diaduk', 'ap', 'tidak', 'diaduk', 'kalau', 'bleh', 'tau'];['user', 'user', 'user', 'bubur', 'diaduk', 'ap', 'diaduk', 'bleh', 'tau'];user user user bubur diaduk ap diaduk bleh tau;user user user bubur aduk ap aduk bleh tau
21;"tim bubur ayam gak diaduk siniðâ

sarapan plus maksi alias ngebrunchð¨â¤ï¸âð©¹ https://t.co/p8nLmn9Xfh";1;tim bubur ayam gak diaduk sini sarapan plus maksi alias ngebrunch cop8nlmn9xfh;['tim', 'bubur', 'ayam', 'gak', 'diaduk', 'sini', 'sarapan', 'plus', 'maksi', 'alias', 'ngebrunch', 'cop8nlmn9xfh'];['tim', 'bubur', 'ayam', 'tidak', 'diaduk', 'sini', 'sarapan', 'ditambah', 'maksi', 'alias', 'ngebrunch', 'cop8nlmn9xfh'];['tim', 'bubur', 'ayam', 'diaduk', 'sarapan', 'ditambah', 'maksi', 'alias', 'ngebrunch', 'cop8nlmn9xfh'];tim bubur ayam diaduk sarapan ditambah maksi alias ngebrunch cop8nlmn9xfh;tim bubur ayam aduk sarap tambah maksi alias ngebrunch cop8nlmn9xfh
22;@JohProdite___ Ternyata iya ya. Bubur diaduk ngeri banget bentuknya. TAPI AKU TEAM DIADUK ð­;0;user ternyata iya ya bubur diaduk ngeri banget bentuknya allcaps tapi aku team diaduk allcaps;['user', 'ternyata', 'iya', 'ya', 'bubur', 'diaduk', 'ngeri', 'banget', 'bentuknya', 'allcaps', 'tapi', 'aku', 'team', 'diaduk', 'allcaps'];['user', 'ternyata', 'iya', 'ya', 'bubur', 'diaduk', 'ngeri', 'banget', 'bentuknya', 'allcaps', 'tapi', 'aku', 'team', 'diaduk', 'allcaps'];['user', 'iya', 'ya', 'bubur', 'diaduk', 'ngeri', 'banget', 'bentuknya', 'allcaps', 'team', 'diaduk', 'allcaps'];user iya ya bubur diaduk ngeri banget bentuknya allcaps team diaduk allcaps;user iya ya bubur aduk ngeri banget bentuk allcaps team aduk allcaps
23;@kenziasha huumph! setuju! harus diaduk bubur tuh. wajib hukumnya. ðð¢;1;user huumph setuju harus diaduk bubur tuh wajib hukumnya;['user', 'huumph', 'setuju', 'harus', 'diaduk', 'bubur', 'tuh', 'wajib', 'hukumnya'];['user', 'huumph', 'setuju', 'harus', 'diaduk', 'bubur', 'itu', 'wajib', 'hukumnya'];['user', 'huumph', 'setuju', 'diaduk', 'bubur', 'wajib', 'hukumnya'];user huumph setuju diaduk bubur wajib hukumnya;user huumph tuju aduk bubur wajib hukum
24;@firwithaf bubur diaduk ato egk;1;user bubur diaduk ato egk;['user', 'bubur', 'diaduk', 'ato', 'egk'];['user', 'bubur', 'diaduk', 'ato', 'egk'];['user', 'bubur', 'diaduk', 'ato', 'egk'];user bubur diaduk ato egk;user bubur aduk ato egk
25;RT @suami_tergoda: Gw sebagai tim bubur diaduk kok jadi bingung ya ð¤ https://t.co/WSU9lGVNdU;1;rt user gw sebagai tim bubur diaduk kok jadi bingung ya cowsu9lgvndu;['rt', 'user', 'gw', 'sebagai', 'tim', 'bubur', 'diaduk', 'kok', 'jadi', 'bingung', 'ya', 'cowsu9lgvndu'];['rt', 'user', 'saya', 'sebagai', 'tim', 'bubur', 'diaduk', 'kok', 'jadi', 'bingung', 'ya', 'cowsu9lgvndu'];['rt', 'user', 'tim', 'bubur', 'diaduk', 'bingung', 'ya', 'cowsu9lgvndu'];rt user tim bubur diaduk bingung ya cowsu9lgvndu;rt user tim bubur aduk bingung ya cowsu9lgvndu
26;@TheModernKate kate aku ngelindur. sarapan bubur ayam dong, kamu tim diaduk apa ngga?;1;user kate aku ngelindur sarapan bubur ayam dong kamu tim diaduk apa ngga;['user', 'kate', 'aku', 'ngelindur', 'sarapan', 'bubur', 'ayam', 'dong', 'kamu', 'tim', 'diaduk', 'apa', 'ngga'];['user', 'kate', 'aku', 'ngelindur', 'sarapan', 'bubur', 'ayam', 'dong', 'kamu', 'tim', 'diaduk', 'apa', 'tidak'];['user', 'kate', 'ngelindur', 'sarapan', 'bubur', 'ayam', 'tim', 'diaduk'];user kate ngelindur sarapan bubur ayam tim diaduk;user kate ngelindur sarap bubur ayam tim aduk
27;@bellsyles @justloveten Bubur itu gak diaduk âð» https://t.co/cenxZA8Ha6;1;user user bubur itu gak diaduk cocenxza8ha6;['user', 'user', 'bubur', 'itu', 'gak', 'diaduk', 'cocenxza8ha6'];['user', 'user', 'bubur', 'itu', 'tidak', 'diaduk', 'cocenxza8ha6'];['user', 'user', 'bubur', 'diaduk', 'cocenxza8ha6'];user user bubur diaduk cocenxza8ha6;user user bubur aduk cocenxza8ha6
28;fact: hobi makan bubur ga diaduk tapi yoongi makan bubur diaduk jangan tanya knp gue tau ðð»;1;fact hobi makan bubur ga diaduk tapi yoongi makan bubur diaduk jangan tanya knp gue tau;['fact', 'hobi', 'makan', 'bubur', 'ga', 'diaduk', 'tapi', 'yoongi', 'makan', 'bubur', 'diaduk', 'jangan', 'tanya', 'knp', 'gue', 'tau'];['fact', 'hobi', 'makan', 'bubur', 'tidak', 'diaduk', 'tapi', 'yoongi', 'makan', 'bubur', 'diaduk', 'jangan', 'tanya', 'mengapa', 'saya', 'tau'];['fact', 'hobi', 'makan', 'bubur', 'diaduk', 'yoongi', 'makan', 'bubur', 'diaduk', 'tau'];fact hobi makan bubur diaduk yoongi makan bubur diaduk tau;fact hobi makan bubur aduk yoongi makan bubur aduk tau
29;abis makan bubur trs kepikiran member bts tipe orang yg makan bubur diaduk atau gak ya? https://t.co/z6qw9ZhvmA;1;abis makan bubur trs kepikiran member bts tipe orang yg makan bubur diaduk atau gak ya coz6qw9zhvma;['abis', 'makan', 'bubur', 'trs', 'kepikiran', 'member', 'bts', 'tipe', 'orang', 'yg', 'makan', 'bubur', 'diaduk', 'atau', 'gak', 'ya', 'coz6qw9zhvma'];['setelah', 'makan', 'bubur', 'terus', 'kepikiran', 'member', 'bts', 'tipe', 'orang', 'yang', 'makan', 'bubur', 'diaduk', 'atau', 'tidak', 'ya', 'coz6qw9zhvma'];['makan', 'bubur', 'kepikiran', 'member', 'bts', 'tipe', 'orang', 'makan', 'bubur', 'diaduk', 'ya', 'coz6qw9zhvma'];makan bubur kepikiran member bts tipe orang makan bubur diaduk ya coz6qw9zhvma;makan bubur pikir member bts tipe orang makan bubur aduk ya coz6qw9zhvma
30;"@justloveten aduklah buburmu dik @ayy_wufU

BUBUR DIADUK FOR BETTER LIFE https://t.co/zTS8zYlE61";1;user aduklah buburmu dik user allcaps bubur diaduk for better life allcaps cozts8zyle61;['user', 'aduklah', 'buburmu', 'dik', 'user', 'allcaps', 'bubur', 'diaduk', 'for', 'better', 'life', 'allcaps', 'cozts8zyle61'];['user', 'aduklah', 'buburmu', 'dik', 'user', 'allcaps', 'bubur', 'diaduk', 'for', 'better', 'life', 'allcaps', 'cozts8zyle61'];['user', 'aduklah', 'buburmu', 'dik', 'user', 'allcaps', 'bubur', 'diaduk', 'for', 'better', 'life', 'allcaps', 'cozts8zyle61'];user aduklah buburmu dik user allcaps bubur diaduk for better life allcaps cozts8zyle61;user aduk bubur dik user allcaps bubur aduk for better life allcaps cozts8zyle61
31;@justloveten Gak ada yaa, pokoknya bubur itu gak diaduk âð»âð»;1;user gak ada yaa pokoknya bubur itu gak diaduk;['user', 'gak', 'ada', 'yaa', 'pokoknya', 'bubur', 'itu', 'gak', 'diaduk'];['user', 'tidak', 'ada', 'iya', 'pokoknya', 'bubur', 'itu', 'tidak', 'diaduk'];['user', 'iya', 'pokoknya', 'bubur', 'diaduk'];user iya pokoknya bubur diaduk;user iya pokok bubur aduk
32;"@justloveten Ada dong, kan waktu di sendok dikasih kuah nya
Pokoknya tim bubur gak diaduk âð»";1;user ada dong kan waktu di sendok dikasih kuah nya pokoknya tim bubur gak diaduk;['user', 'ada', 'dong', 'kan', 'waktu', 'di', 'sendok', 'dikasih', 'kuah', 'nya', 'pokoknya', 'tim', 'bubur', 'gak', 'diaduk'];['user', 'ada', 'dong', 'kan', 'waktu', 'di', 'sendok', 'dikasih', 'kuah', 'nya', 'pokoknya', 'tim', 'bubur', 'tidak', 'diaduk'];['user', 'sendok', 'dikasih', 'kuah', 'nya', 'pokoknya', 'tim', 'bubur', 'diaduk'];user sendok dikasih kuah nya pokoknya tim bubur diaduk;user sendok kasih kuah nya pokok tim bubur aduk
33;@paduka_oyen2 Bubur ga diaduk nih;1;user bubur ga diaduk nih;['user', 'bubur', 'ga', 'diaduk', 'nih'];['user', 'bubur', 'tidak', 'diaduk', 'ini'];['user', 'bubur', 'diaduk'];user bubur diaduk;user bubur aduk
34;@justloveten Kita beda sekte, bubur itu gak diaduk ðð»ðð»ðð»;1;user kita beda sekte bubur itu gak diaduk;['user', 'kita', 'beda', 'sekte', 'bubur', 'itu', 'gak', 'diaduk'];['user', 'kita', 'beda', 'sekte', 'bubur', 'itu', 'tidak', 'diaduk'];['user', 'beda', 'sekte', 'bubur', 'diaduk'];user beda sekte bubur diaduk;user beda sekte bubur aduk
35;@0rghil bubur emang harusnya ga diadukð¿;1;user bubur emang harusnya ga diaduk;['user', 'bubur', 'emang', 'harusnya', 'ga', 'diaduk'];['user', 'bubur', 'memang', 'harusnya', 'tidak', 'diaduk'];['user', 'bubur', 'diaduk'];user bubur diaduk;user bubur aduk
36;"klian mkan bubur diaduk/egk?

kl ak dh jls diadukð¥° https://t.co/MNnpJGURJE";1;klian mkan bubur diaduk egk kl ak dh jls diaduk comnnpjgurje;['klian', 'mkan', 'bubur', 'diaduk', 'egk', 'kl', 'ak', 'dh', 'jls', 'diaduk', 'comnnpjgurje'];['klian', 'makan', 'bubur', 'diaduk', 'egk', 'kalau', 'aku', 'sudah', 'jls', 'diaduk', 'comnnpjgurje'];['klian', 'makan', 'bubur', 'diaduk', 'egk', 'jls', 'diaduk', 'comnnpjgurje'];klian makan bubur diaduk egk jls diaduk comnnpjgurje;klian makan bubur aduk egk jls aduk comnnpjgurje
37;@anothersins__ makan bubur diaduk tuh kek makan muntah;0;user makan bubur diaduk tuh kek makan muntah;['user', 'makan', 'bubur', 'diaduk', 'tuh', 'kek', 'makan', 'muntah'];['user', 'makan', 'bubur', 'diaduk', 'itu', 'kayak', 'makan', 'muntah'];['user', 'makan', 'bubur', 'diaduk', 'kayak', 'makan', 'muntah'];user makan bubur diaduk kayak makan muntah;user makan bubur aduk kayak makan muntah
38;@mks_fess Orang macam apa yang makan bubur tidak diaduk? gak abis thinking ð¥²;0;user orang macam apa yang makan bubur tidak diaduk gak abis thinking;['user', 'orang', 'macam', 'apa', 'yang', 'makan', 'bubur', 'tidak', 'diaduk', 'gak', 'abis', 'thinking'];['user', 'orang', 'macam', 'apa', 'yang', 'makan', 'bubur', 'tidak', 'diaduk', 'tidak', 'setelah', 'thinking'];['user', 'orang', 'makan', 'bubur', 'diaduk', 'thinking'];user orang makan bubur diaduk thinking;user orang makan bubur aduk thinking
39;RT @MomoGembul: Jangankan bubur..mie goreng instan aj aku team gk diaduk koq ð https://t.co/f6gQcb1FhT;1;rt user jangankan bubur repeated mie goreng instan aj aku team gk diaduk koq cof6gqcb1fht;['rt', 'user', 'jangankan', 'bubur', 'repeated', 'mie', 'goreng', 'instan', 'aj', 'aku', 'team', 'gk', 'diaduk', 'koq', 'cof6gqcb1fht'];['rt', 'user', 'jangankan', 'bubur', 'repeated', 'mie', 'goreng', 'instan', 'saja', 'aku', 'team', 'tidak', 'diaduk', 'koq', 'cof6gqcb1fht'];['rt', 'user', 'bubur', 'repeated', 'mie', 'goreng', 'instan', 'team', 'diaduk', 'koq', 'cof6gqcb1fht'];rt user bubur repeated mie goreng instan team diaduk koq cof6gqcb1fht;rt user bubur repeated mie goreng instan team aduk koq cof6gqcb1fht
40;@reikaoningitis pernah ga makan bubur tapi diaduk;1;user pernah ga makan bubur tapi diaduk;['user', 'pernah', 'ga', 'makan', 'bubur', 'tapi', 'diaduk'];['user', 'pernah', 'tidak', 'makan', 'bubur', 'tapi', 'diaduk'];['user', 'makan', 'bubur', 'diaduk'];user makan bubur diaduk;user makan bubur aduk
41;RT @suami_tergoda: Gw sebagai tim bubur diaduk kok jadi bingung ya ð¤ https://t.co/WSU9lGVNdU;1;rt user gw sebagai tim bubur diaduk kok jadi bingung ya cowsu9lgvndu;['rt', 'user', 'gw', 'sebagai', 'tim', 'bubur', 'diaduk', 'kok', 'jadi', 'bingung', 'ya', 'cowsu9lgvndu'];['rt', 'user', 'saya', 'sebagai', 'tim', 'bubur', 'diaduk', 'kok', 'jadi', 'bingung', 'ya', 'cowsu9lgvndu'];['rt', 'user', 'tim', 'bubur', 'diaduk', 'bingung', 'ya', 'cowsu9lgvndu'];rt user tim bubur diaduk bingung ya cowsu9lgvndu;rt user tim bubur aduk bingung ya cowsu9lgvndu
42;@fafacu02 Mo diaduk ato engga sama aja sih ga ada preferensi khusus kl makan bubur;1;user mo diaduk ato engga sama aja sih ga ada preferensi khusus kl makan bubur;['user', 'mo', 'diaduk', 'ato', 'engga', 'sama', 'aja', 'sih', 'ga', 'ada', 'preferensi', 'khusus', 'kl', 'makan', 'bubur'];['user', 'mo', 'diaduk', 'ato', 'tidak', 'sama', 'saja', 'sih', 'tidak', 'ada', 'preferensi', 'khusus', 'kalau', 'makan', 'bubur'];['user', 'mo', 'diaduk', 'ato', 'sih', 'preferensi', 'khusus', 'makan', 'bubur'];user mo diaduk ato sih preferensi khusus makan bubur;user mo aduk ato sih preferensi khusus makan bubur
43;"@BTX_7911 Ga kefoto;"") soalnya berantakan tp klo makan bubur diaduk ko";1;user ga kefoto soalnya berantakan tp klo makan bubur diaduk ko;['user', 'ga', 'kefoto', 'soalnya', 'berantakan', 'tp', 'klo', 'makan', 'bubur', 'diaduk', 'ko'];['user', 'tidak', 'kefoto', 'soalnya', 'berantakan', 'tapi', 'kalau', 'makan', 'bubur', 'diaduk', 'ko'];['user', 'kefoto', 'berantakan', 'makan', 'bubur', 'diaduk', 'ko'];user kefoto berantakan makan bubur diaduk ko;user foto beranta makan bubur aduk ko
44;Tim bubur gak diaduk, karena perasaanku udah diaduk sama kamu~~ https://t.co/j91wv9lP51;0;tim bubur gak diaduk karena perasaanku udah diaduk sama kamu coj91wv9lp51;['tim', 'bubur', 'gak', 'diaduk', 'karena', 'perasaanku', 'udah', 'diaduk', 'sama', 'kamu', 'coj91wv9lp51'];['tim', 'bubur', 'tidak', 'diaduk', 'karena', 'perasaanku', 'sudah', 'diaduk', 'sama', 'kamu', 'coj91wv9lp51'];['tim', 'bubur', 'diaduk', 'perasaanku', 'diaduk', 'coj91wv9lp51'];tim bubur diaduk perasaanku diaduk coj91wv9lp51;tim bubur aduk asa aduk coj91wv9lp51
45;Emang pagi-pagi enaknya makan bubur diaduk;1;emang pagi pagi enaknya makan bubur diaduk;['emang', 'pagi', 'pagi', 'enaknya', 'makan', 'bubur', 'diaduk'];['memang', 'pagi', 'pagi', 'enaknya', 'makan', 'bubur', 'diaduk'];['pagi', 'pagi', 'enaknya', 'makan', 'bubur', 'diaduk'];pagi pagi enaknya makan bubur diaduk;pagi pagi enak makan bubur aduk
46;Mulai sekarang kalo makan bubur diaduk.;1;mulai sekarang kalo makan bubur diaduk;['mulai', 'sekarang', 'kalo', 'makan', 'bubur', 'diaduk'];['mulai', 'sekarang', 'kalau', 'makan', 'bubur', 'diaduk'];['makan', 'bubur', 'diaduk'];makan bubur diaduk;makan bubur aduk
47;@59O55 Matchanya ngga terlalu manis sih, tapi bitter-nya tuh kurang banget. Buat disebut hint aja masih kurang. ð¥² Hâ¦ https://t.co/W9ns27TyBB;0;user matchanya ngga terlalu manis sih tapi bitter nya tuh kurang banget buat disebut hint aja masih kurang cow9ns27tybb;['user', 'matchanya', 'ngga', 'terlalu', 'manis', 'sih', 'tapi', 'bitter', 'nya', 'tuh', 'kurang', 'banget', 'buat', 'disebut', 'hint', 'aja', 'masih', 'kurang', 'cow9ns27tybb'];['user', 'matchanya', 'tidak', 'terlalu', 'manis', 'sih', 'tapi', 'bitter', 'nya', 'itu', 'kurang', 'banget', 'buat', 'disebut', 'hint', 'saja', 'masih', 'kurang', 'cow9ns27tybb'];['user', 'matchanya', 'manis', 'sih', 'bitter', 'nya', 'banget', 'hint', 'cow9ns27tybb'];user matchanya manis sih bitter nya banget hint cow9ns27tybb;user matchanya manis sih bitter nya banget hint cow9ns27tybb
48;Lumayan enak jga bubur diaduk;1;lumayan enak jga bubur diaduk;['lumayan', 'enak', 'jga', 'bubur', 'diaduk'];['lumayan', 'enak', 'juga', 'bubur', 'diaduk'];['lumayan', 'enak', 'bubur', 'diaduk'];lumayan enak bubur diaduk;lumayan enak bubur aduk
49;@DoyGanz Bubur diaduk pa disedot bang?;1;user bubur diaduk pa disedot bang;['user', 'bubur', 'diaduk', 'pa', 'disedot', 'bang'];['user', 'bubur', 'diaduk', 'pak', 'disedot', 'bang'];['user', 'bubur', 'diaduk', 'disedot', 'bang'];user bubur diaduk disedot bang;user bubur aduk sedot bang
50;Tim bubur diaduk trus disuapin km https://t.co/RkXC0ZjG5J;1;tim bubur diaduk trus disuapin km corkxc0zjg5j;['tim', 'bubur', 'diaduk', 'trus', 'disuapin', 'km', 'corkxc0zjg5j'];['tim', 'bubur', 'diaduk', 'terus', 'disuapin', 'kamu', 'corkxc0zjg5j'];['tim', 'bubur', 'diaduk', 'disuapin', 'corkxc0zjg5j'];tim bubur diaduk disuapin corkxc0zjg5j;tim bubur aduk disuapin corkxc0zjg5j
51;@ssefnum Bubur diaduk gak diaduk anjing.;0;user bubur diaduk gak diaduk anjing;['user', 'bubur', 'diaduk', 'gak', 'diaduk', 'anjing'];['user', 'bubur', 'diaduk', 'tidak', 'diaduk', 'anjing'];['user', 'bubur', 'diaduk', 'diaduk', 'anjing'];user bubur diaduk diaduk anjing;user bubur aduk aduk anjing
52;@urtannedskin Tim bubur ga diaduk hadir;1;user tim bubur ga diaduk hadir;['user', 'tim', 'bubur', 'ga', 'diaduk', 'hadir'];['user', 'tim', 'bubur', 'tidak', 'diaduk', 'hadir'];['user', 'tim', 'bubur', 'diaduk', 'hadir'];user tim bubur diaduk hadir;user tim bubur aduk hadir
53;tim bubur diaduk po di dulang bakul e?;1;tim bubur diaduk po di dulang bakul;['tim', 'bubur', 'diaduk', 'po', 'di', 'dulang', 'bakul'];['tim', 'bubur', 'diaduk', 'po', 'di', 'dulang', 'bakul'];['tim', 'bubur', 'diaduk', 'po', 'dulang', 'bakul'];tim bubur diaduk po dulang bakul;tim bubur aduk po dulang bakul
54;@urtannedskin Bubur ayam diaduk apa enggak;1;user bubur ayam diaduk apa enggak;['user', 'bubur', 'ayam', 'diaduk', 'apa', 'enggak'];['user', 'bubur', 'ayam', 'diaduk', 'apa', 'enggak'];['user', 'bubur', 'ayam', 'diaduk'];user bubur ayam diaduk;user bubur ayam aduk
55;"@slackxrlife Aku nggak terima kalau diaduk, aku tim bubur no aduk-aduk. /heh 
Tapi kayaknya aku ngerti maksud kamu,â¦ https://t.co/HfBy1ueiYo";0;user aku nggak terima kalau diaduk aku tim bubur no aduk aduk heh tapi kayaknya aku ngerti maksud kamu cohfby1ueiyo;['user', 'aku', 'nggak', 'terima', 'kalau', 'diaduk', 'aku', 'tim', 'bubur', 'no', 'aduk', 'aduk', 'heh', 'tapi', 'kayaknya', 'aku', 'ngerti', 'maksud', 'kamu', 'cohfby1ueiyo'];['user', 'aku', 'nggak', 'terima', 'kalau', 'diaduk', 'aku', 'tim', 'bubur', 'no', 'aduk', 'aduk', 'heh', 'tapi', 'kayaknya', 'aku', 'ngerti', 'maksud', 'kamu', 'cohfby1ueiyo'];['user', 'nggak', 'terima', 'diaduk', 'tim', 'bubur', 'no', 'aduk', 'aduk', 'heh', 'kayaknya', 'ngerti', 'maksud', 'cohfby1ueiyo'];user nggak terima diaduk tim bubur no aduk aduk heh kayaknya ngerti maksud cohfby1ueiyo;user nggak terima aduk tim bubur no aduk aduk heh kayak ngerti maksud cohfby1ueiyo
56;@tempodotco @DyandraGlobal Seandainya aku malam mingguan dengan bias NCT, aku bakal ajak Haechan buat mam bubur trsâ¦ https://t.co/VqUKQ0oT6C;1;user user seandainya aku malam mingguan dengan bias allcaps nct allcaps aku bakal ajak haechan buat mam bubur trs covqukq0ot6c;['user', 'user', 'seandainya', 'aku', 'malam', 'mingguan', 'dengan', 'bias', 'allcaps', 'nct', 'allcaps', 'aku', 'bakal', 'ajak', 'haechan', 'buat', 'mam', 'bubur', 'trs', 'covqukq0ot6c'];['user', 'user', 'seandainya', 'aku', 'malam', 'mingguan', 'dengan', 'bias', 'allcaps', 'nct', 'allcaps', 'aku', 'bakal', 'ajak', 'haechan', 'buat', 'mam', 'bubur', 'terus', 'covqukq0ot6c'];['user', 'user', 'seandainya', 'malam', 'mingguan', 'bias', 'allcaps', 'nct', 'allcaps', 'ajak', 'haechan', 'mam', 'bubur', 'covqukq0ot6c'];user user seandainya malam mingguan bias allcaps nct allcaps ajak haechan mam bubur covqukq0ot6c;user user anda malam minggu bias allcaps nct allcaps ajak haechan mam bubur covqukq0ot6c
57;@_pigcantfly SELAMAT PAGIIII JANGAN LUPA SARAPAN BUBUR DIADUK!!!!;0;user allcaps selamat pagi elongated jangan lupa sarapan bubur diaduk allcaps repeated;['user', 'allcaps', 'selamat', 'pagi', 'elongated', 'jangan', 'lupa', 'sarapan', 'bubur', 'diaduk', 'allcaps', 'repeated'];['user', 'allcaps', 'selamat', 'pagi', 'elongated', 'jangan', 'lupa', 'sarapan', 'bubur', 'diaduk', 'allcaps', 'repeated'];['user', 'allcaps', 'selamat', 'pagi', 'elongated', 'lupa', 'sarapan', 'bubur', 'diaduk', 'allcaps', 'repeated'];user allcaps selamat pagi elongated lupa sarapan bubur diaduk allcaps repeated;user allcaps selamat pagi elongated lupa sarap bubur aduk allcaps repeated
58;Perihal bubur diaduk atau gak diaduk ga musti jadi masalah, bukannya hidup emang selalu saling mengisi? Seperti kamâ¦ https://t.co/CqqftX2NbJ;1;perihal bubur diaduk atau gak diaduk ga musti jadi masalah bukannya hidup emang selalu saling mengisi seperti kam cocqqftx2nbj;['perihal', 'bubur', 'diaduk', 'atau', 'gak', 'diaduk', 'ga', 'musti', 'jadi', 'masalah', 'bukannya', 'hidup', 'emang', 'selalu', 'saling', 'mengisi', 'seperti', 'kam', 'cocqqftx2nbj'];['perihal', 'bubur', 'diaduk', 'atau', 'tidak', 'diaduk', 'tidak', 'musti', 'jadi', 'masalah', 'bukannya', 'hidup', 'memang', 'selalu', 'saling', 'mengisi', 'seperti', 'kam', 'cocqqftx2nbj'];['perihal', 'bubur', 'diaduk', 'diaduk', 'musti', 'hidup', 'mengisi', 'kam', 'cocqqftx2nbj'];perihal bubur diaduk diaduk musti hidup mengisi kam cocqqftx2nbj;perihal bubur aduk aduk musti hidup isi kam cocqqftx2nbj
59;Emak gw tim bubur gak diaduk ðð;0;emak gw tim bubur gak diaduk;['emak', 'gw', 'tim', 'bubur', 'gak', 'diaduk'];['emak', 'saya', 'tim', 'bubur', 'tidak', 'diaduk'];['emak', 'tim', 'bubur', 'diaduk'];emak tim bubur diaduk;emak tim bubur aduk
60;Bubur tu diaduk. https://t.co/JJPElbopTu;1;bubur tu diaduk cojjpelboptu;['bubur', 'tu', 'diaduk', 'cojjpelboptu'];['bubur', 'itu', 'diaduk', 'cojjpelboptu'];['bubur', 'diaduk', 'cojjpelboptu'];bubur diaduk cojjpelboptu;bubur aduk cojjpelboptu
61;@xxxxxxyours Tim bubur tidak diaduk âð»;1;user tim bubur tidak diaduk;['user', 'tim', 'bubur', 'tidak', 'diaduk'];['user', 'tim', 'bubur', 'tidak', 'diaduk'];['user', 'tim', 'bubur', 'diaduk'];user tim bubur diaduk;user tim bubur aduk
62;"@mks_fess Demi menjaga keindahan (aesthetic) bubur ayam dan rasa tiap unsur kelezatan di dalamnya

Tidak perlu diaduk ð";1;user demi menjaga keindahan aesthetic bubur ayam dan rasa tiap unsur kelezatan di dalamnya tidak perlu diaduk;['user', 'demi', 'menjaga', 'keindahan', 'aesthetic', 'bubur', 'ayam', 'dan', 'rasa', 'tiap', 'unsur', 'kelezatan', 'di', 'dalamnya', 'tidak', 'perlu', 'diaduk'];['user', 'demi', 'menjaga', 'keindahan', 'aesthetic', 'bubur', 'ayam', 'dan', 'rasa', 'tiap', 'unsur', 'kelezatan', 'di', 'dalamnya', 'tidak', 'perlu', 'diaduk'];['user', 'menjaga', 'keindahan', 'aesthetic', 'bubur', 'ayam', 'unsur', 'kelezatan', 'dalamnya', 'diaduk'];user menjaga keindahan aesthetic bubur ayam unsur kelezatan dalamnya diaduk;user jaga indah aesthetic bubur ayam unsur lezat dalam aduk
63;Untuk menilai sesuatu agar lebih objektif, mari kita coba bubur diaduk https://t.co/pQVg3GAcEj;1;untuk menilai sesuatu agar lebih objektif mari kita coba bubur diaduk copqvg3gacej;['untuk', 'menilai', 'sesuatu', 'agar', 'lebih', 'objektif', 'mari', 'kita', 'coba', 'bubur', 'diaduk', 'copqvg3gacej'];['untuk', 'menilai', 'sesuatu', 'agar', 'lebih', 'objektif', 'mari', 'kita', 'coba', 'bubur', 'diaduk', 'copqvg3gacej'];['menilai', 'objektif', 'mari', 'coba', 'bubur', 'diaduk', 'copqvg3gacej'];menilai objektif mari coba bubur diaduk copqvg3gacej;nilai objektif mari coba bubur aduk copqvg3gacej
64;@suzu2AM Waduh, kamu tim bubur diaduk atau disedot nih jangan-jangan? Nanti habis selesai makan deh balik tidur lagi, Zu.;0;user waduh kamu tim bubur diaduk atau disedot nih jangan jangan nanti habis selesai makan deh balik tidur lagi zu;['user', 'waduh', 'kamu', 'tim', 'bubur', 'diaduk', 'atau', 'disedot', 'nih', 'jangan', 'jangan', 'nanti', 'habis', 'selesai', 'makan', 'deh', 'balik', 'tidur', 'lagi', 'zu'];['user', 'aduh', 'kamu', 'tim', 'bubur', 'diaduk', 'atau', 'disedot', 'ini', 'jangan', 'jangan', 'nanti', 'habis', 'selesai', 'makan', 'deh', 'balik', 'tidur', 'lagi', 'zu'];['user', 'aduh', 'tim', 'bubur', 'diaduk', 'disedot', 'habis', 'selesai', 'makan', 'deh', 'tidur', 'zu'];user aduh tim bubur diaduk disedot habis selesai makan deh tidur zu;user aduh tim bubur aduk sedot habis selesai makan deh tidur zu
65;Kadang heran aja sama orang yang makan bubur ayam ga diaduk. https://t.co/wjMDYL3Lof;0;kadang heran aja sama orang yang makan bubur ayam ga diaduk cowjmdyl3lof;['kadang', 'heran', 'aja', 'sama', 'orang', 'yang', 'makan', 'bubur', 'ayam', 'ga', 'diaduk', 'cowjmdyl3lof'];['kadang', 'heran', 'saja', 'sama', 'orang', 'yang', 'makan', 'bubur', 'ayam', 'tidak', 'diaduk', 'cowjmdyl3lof'];['kadang', 'heran', 'orang', 'makan', 'bubur', 'ayam', 'diaduk', 'cowjmdyl3lof'];kadang heran orang makan bubur ayam diaduk cowjmdyl3lof;kadang heran orang makan bubur ayam aduk cowjmdyl3lof
66;@prettynahyuck Lestarikan budaya bubur diaduk;1;user lestarikan budaya bubur diaduk;['user', 'lestarikan', 'budaya', 'bubur', 'diaduk'];['user', 'lestarikan', 'budaya', 'bubur', 'diaduk'];['user', 'lestarikan', 'budaya', 'bubur', 'diaduk'];user lestarikan budaya bubur diaduk;user lestari budaya bubur aduk
67;kamu tim bubur diaduk atau bubur d banting?;1;kamu tim bubur diaduk atau bubur banting;['kamu', 'tim', 'bubur', 'diaduk', 'atau', 'bubur', 'banting'];['kamu', 'tim', 'bubur', 'diaduk', 'atau', 'bubur', 'banting'];['tim', 'bubur', 'diaduk', 'bubur', 'banting'];tim bubur diaduk bubur banting;tim bubur aduk bubur banting
68;@anecsya Bubur ga nes? Tapi jangan diaduk ya makannya.;1;user bubur ga nes tapi jangan diaduk ya makannya;['user', 'bubur', 'ga', 'nes', 'tapi', 'jangan', 'diaduk', 'ya', 'makannya'];['user', 'bubur', 'tidak', 'nes', 'tapi', 'jangan', 'diaduk', 'ya', 'makannya'];['user', 'bubur', 'nes', 'diaduk', 'ya', 'makannya'];user bubur nes diaduk ya makannya;user bubur nes aduk ya makan
69;@YejiOfWD Tos! Tapi maksud gue nggak diaduk itu topingnya aja sih, jadi bubur sama kuah kuningnya gue aduk dulu baru gue tata toppingnya;1;user tos tapi maksud gue nggak diaduk itu topingnya aja sih jadi bubur sama kuah kuningnya gue aduk dulu baru gue tata toppingnya;['user', 'tos', 'tapi', 'maksud', 'gue', 'nggak', 'diaduk', 'itu', 'topingnya', 'aja', 'sih', 'jadi', 'bubur', 'sama', 'kuah', 'kuningnya', 'gue', 'aduk', 'dulu', 'baru', 'gue', 'tata', 'toppingnya'];['user', 'tos', 'tapi', 'maksud', 'saya', 'nggak', 'diaduk', 'itu', 'topingnya', 'saja', 'sih', 'jadi', 'bubur', 'sama', 'kuah', 'kuningnya', 'saya', 'aduk', 'dulu', 'baru', 'saya', 'tata', 'toppingnya'];['user', 'tos', 'maksud', 'nggak', 'diaduk', 'topingnya', 'sih', 'bubur', 'kuah', 'kuningnya', 'aduk', 'tata', 'toppingnya'];user tos maksud nggak diaduk topingnya sih bubur kuah kuningnya aduk tata toppingnya;user tos maksud nggak aduk topingnya sih bubur kuah kuning aduk tata toppingnya
70;Bubur kok diaduk. https://t.co/3gojQFCrg7;0;bubur kok diaduk co3gojqfcrg7;['bubur', 'kok', 'diaduk', 'co3gojqfcrg7'];['bubur', 'kok', 'diaduk', 'co3gojqfcrg7'];['bubur', 'diaduk', 'co3gojqfcrg7'];bubur diaduk co3gojqfcrg7;bubur aduk co3gojqfcrg7
71;@anakpecundangg itu bubur diaduk dit? gua sarapan risol;1;user itu bubur diaduk dit gua sarapan risol;['user', 'itu', 'bubur', 'diaduk', 'dit', 'gua', 'sarapan', 'risol'];['user', 'itu', 'bubur', 'diaduk', 'dit', 'saya', 'sarapan', 'risol'];['user', 'bubur', 'diaduk', 'dit', 'sarapan', 'risol'];user bubur diaduk dit sarapan risol;user bubur aduk dit sarap risol
72;@Hosh_kw0n Bubur diaduk tuh kek muntahan kucing wleekk, tapi gue tim yg makan bubur suka di aduk ð­ð­ð­;0;user bubur diaduk tuh kek muntahan kucing wleekk tapi gue tim yg makan bubur suka di aduk;['user', 'bubur', 'diaduk', 'tuh', 'kek', 'muntahan', 'kucing', 'wleekk', 'tapi', 'gue', 'tim', 'yg', 'makan', 'bubur', 'suka', 'di', 'aduk'];['user', 'bubur', 'diaduk', 'itu', 'kayak', 'muntahan', 'kucing', 'wleekk', 'tapi', 'saya', 'tim', 'yang', 'makan', 'bubur', 'suka', 'di', 'aduk'];['user', 'bubur', 'diaduk', 'kayak', 'muntahan', 'kucing', 'wleekk', 'tim', 'makan', 'bubur', 'suka', 'aduk'];user bubur diaduk kayak muntahan kucing wleekk tim makan bubur suka aduk;user bubur aduk kayak muntah kucing wleekk tim makan bubur suka aduk
73;"cantik2 tp makan bubur ayamnya diaduk
SEKIPPPPP";0;cantik2 tp makan bubur ayamnya diaduk allcaps sekipp elongated allcaps;['cantik2', 'tp', 'makan', 'bubur', 'ayamnya', 'diaduk', 'allcaps', 'sekipp', 'elongated', 'allcaps'];['cantik2', 'tapi', 'makan', 'bubur', 'ayamnya', 'diaduk', 'allcaps', 'sekipp', 'elongated', 'allcaps'];['cantik2', 'makan', 'bubur', 'ayamnya', 'diaduk', 'allcaps', 'sekipp', 'elongated', 'allcaps'];cantik2 makan bubur ayamnya diaduk allcaps sekipp elongated allcaps;cantik2 makan bubur ayam aduk allcaps sekipp elongated allcaps
74;@itjeea MANA ENAK BUBUR GA DIADUK;0;user allcaps mana enak bubur ga diaduk allcaps;['user', 'allcaps', 'mana', 'enak', 'bubur', 'ga', 'diaduk', 'allcaps'];['user', 'allcaps', 'mana', 'enak', 'bubur', 'tidak', 'diaduk', 'allcaps'];['user', 'allcaps', 'enak', 'bubur', 'diaduk', 'allcaps'];user allcaps enak bubur diaduk allcaps;user allcaps enak bubur aduk allcaps
75;@adamnoto @fuckedupfoods hanya orgil yg makan bubur ga diaduk;0;user user hanya orgil yg makan bubur ga diaduk;['user', 'user', 'hanya', 'orgil', 'yg', 'makan', 'bubur', 'ga', 'diaduk'];['user', 'user', 'hanya', 'orgil', 'yang', 'makan', 'bubur', 'tidak', 'diaduk'];['user', 'user', 'orgil', 'makan', 'bubur', 'diaduk'];user user orgil makan bubur diaduk;user user orgil makan bubur aduk
76;@BBYAMBIwuih tim bubur gak diaduk soalnya kalau diaduk ga estetik udah kek makanan ayam;0;user tim bubur gak diaduk soalnya kalau diaduk ga estetik udah kek makanan ayam;['user', 'tim', 'bubur', 'gak', 'diaduk', 'soalnya', 'kalau', 'diaduk', 'ga', 'estetik', 'udah', 'kek', 'makanan', 'ayam'];['user', 'tim', 'bubur', 'tidak', 'diaduk', 'soalnya', 'kalau', 'diaduk', 'tidak', 'estetik', 'sudah', 'kayak', 'makanan', 'ayam'];['user', 'tim', 'bubur', 'diaduk', 'diaduk', 'estetik', 'kayak', 'makanan', 'ayam'];user tim bubur diaduk diaduk estetik kayak makanan ayam;user tim bubur aduk aduk estetik kayak makan ayam
77;mam bubur tuh ga diaduk!!! https://t.co/cMv5L9z5TC;0;mam bubur tuh ga diaduk repeated cocmv5l9z5tc;['mam', 'bubur', 'tuh', 'ga', 'diaduk', 'repeated', 'cocmv5l9z5tc'];['mam', 'bubur', 'itu', 'tidak', 'diaduk', 'repeated', 'cocmv5l9z5tc'];['mam', 'bubur', 'diaduk', 'repeated', 'cocmv5l9z5tc'];mam bubur diaduk repeated cocmv5l9z5tc;mam bubur aduk repeated cocmv5l9z5tc
78;@aaaaaabible @nashaazia @convomf Ez, pakai sendok keren loh kak. Klau bubur, menurutku lebih enak diaduk kak, klau ga, sia-sia bumbunya :);1;user user user ez pakai sendok keren loh kak klau bubur menurutku lebih enak diaduk kak klau ga sia sia bumbunya happy;['user', 'user', 'user', 'ez', 'pakai', 'sendok', 'keren', 'loh', 'kak', 'klau', 'bubur', 'menurutku', 'lebih', 'enak', 'diaduk', 'kak', 'klau', 'ga', 'sia', 'sia', 'bumbunya', 'happy'];['user', 'user', 'user', 'ez', 'pakai', 'sendok', 'keren', 'loh', 'kak', 'klau', 'bubur', 'menurutku', 'lebih', 'enak', 'diaduk', 'kak', 'klau', 'tidak', 'sia', 'sia', 'bumbunya', 'happy'];['user', 'user', 'user', 'ez', 'pakai', 'sendok', 'keren', 'loh', 'kak', 'klau', 'bubur', 'menurutku', 'enak', 'diaduk', 'kak', 'klau', 'sia', 'sia', 'bumbunya', 'happy'];user user user ez pakai sendok keren loh kak klau bubur menurutku enak diaduk kak klau sia sia bumbunya happy;user user user ez pakai sendok keren loh kak klau bubur turut enak aduk kak klau sia sia bumbu happy
79;@ameliaanff Keturunan dajal yg makan bubur ga diaduk;0;user keturunan dajal yg makan bubur ga diaduk;['user', 'keturunan', 'dajal', 'yg', 'makan', 'bubur', 'ga', 'diaduk'];['user', 'keturunan', 'dajal', 'yang', 'makan', 'bubur', 'tidak', 'diaduk'];['user', 'keturunan', 'dajal', 'makan', 'bubur', 'diaduk'];user keturunan dajal makan bubur diaduk;user turun dajal makan bubur aduk
80;@borasaeksourire Horeeeeeee, kita se team: team bubur ga diaduk ðððððHeran ma orang2,;0;user hore elongated kita se team team bubur ga diaduk heran ma orang2;['user', 'hore', 'elongated', 'kita', 'se', 'team', 'team', 'bubur', 'ga', 'diaduk', 'heran', 'ma', 'orang2'];['user', 'hore', 'elongated', 'kita', 'se', 'team', 'team', 'bubur', 'tidak', 'diaduk', 'heran', 'sama', 'orang2'];['user', 'hore', 'elongated', 'team', 'team', 'bubur', 'diaduk', 'heran', 'orang2'];user hore elongated team team bubur diaduk heran orang2;user hore elongated team team bubur aduk heran orang2
81;@WagimanDeep212_ Bib, mnurut kabar burung (tau burung siapa?). Ukhty ini merepukan ketua gerakan sayap kirip Bubur Ayam Ga Diaduk.;1;user bib mnurut kabar burung tau burung siapa ukhty ini merepukan ketua gerakan sayap kirip bubur ayam ga diaduk;['user', 'bib', 'mnurut', 'kabar', 'burung', 'tau', 'burung', 'siapa', 'ukhty', 'ini', 'merepukan', 'ketua', 'gerakan', 'sayap', 'kirip', 'bubur', 'ayam', 'ga', 'diaduk'];['user', 'bib', 'mnurut', 'kabar', 'burung', 'tau', 'burung', 'siapa', 'ukhty', 'ini', 'merepukan', 'ketua', 'gerakan', 'sayap', 'kirip', 'bubur', 'ayam', 'tidak', 'diaduk'];['user', 'bib', 'mnurut', 'kabar', 'burung', 'tau', 'burung', 'ukhty', 'merepukan', 'ketua', 'gerakan', 'sayap', 'kirip', 'bubur', 'ayam', 'diaduk'];user bib mnurut kabar burung tau burung ukhty merepukan ketua gerakan sayap kirip bubur ayam diaduk;user bib mnurut kabar burung tau burung ukhty merepukan ketua gera sayap kirip bubur ayam aduk
82;@sugaringcandyp bubur ga diaduk tu enakk tauu, hidup bubur ga diaduk;1;user bubur ga diaduk tu enakk tauu hidup bubur ga diaduk;['user', 'bubur', 'ga', 'diaduk', 'tu', 'enakk', 'tauu', 'hidup', 'bubur', 'ga', 'diaduk'];['user', 'bubur', 'tidak', 'diaduk', 'itu', 'enakk', 'tauu', 'hidup', 'bubur', 'tidak', 'diaduk'];['user', 'bubur', 'diaduk', 'enakk', 'tauu', 'hidup', 'bubur', 'diaduk'];user bubur diaduk enakk tauu hidup bubur diaduk;user bubur aduk enakk tauu hidup bubur aduk
83;Apa enaknya bubur ga diadukðð» https://t.co/5Z0mZuN8Ai;0;apa enaknya bubur ga diaduk co5z0mzun8ai;['apa', 'enaknya', 'bubur', 'ga', 'diaduk', 'co5z0mzun8ai'];['apa', 'enaknya', 'bubur', 'tidak', 'diaduk', 'co5z0mzun8ai'];['enaknya', 'bubur', 'diaduk', 'co5z0mzun8ai'];enaknya bubur diaduk co5z0mzun8ai;enak bubur aduk co5z0mzun8ai
84;Bubur ga diaduk jaya jaya jaya! https://t.co/IOkavAUQf1;1;bubur ga diaduk jaya jaya jaya coiokavauqf1;['bubur', 'ga', 'diaduk', 'jaya', 'jaya', 'jaya', 'coiokavauqf1'];['bubur', 'tidak', 'diaduk', 'jaya', 'jaya', 'jaya', 'coiokavauqf1'];['bubur', 'diaduk', 'jaya', 'jaya', 'jaya', 'coiokavauqf1'];bubur diaduk jaya jaya jaya coiokavauqf1;bubur aduk jaya jaya jaya coiokavauqf1
85;@kwnjiyong88 papi ak bisa makan bubur diaduk sama ga diaduk CPTT PADA MAJUU;0;user papi ak bisa makan bubur diaduk sama ga diaduk allcaps cptt pada majuu allcaps;['user', 'papi', 'ak', 'bisa', 'makan', 'bubur', 'diaduk', 'sama', 'ga', 'diaduk', 'allcaps', 'cptt', 'pada', 'majuu', 'allcaps'];['user', 'papi', 'aku', 'bisa', 'makan', 'bubur', 'diaduk', 'sama', 'tidak', 'diaduk', 'allcaps', 'cptt', 'pada', 'majuu', 'allcaps'];['user', 'papi', 'makan', 'bubur', 'diaduk', 'diaduk', 'allcaps', 'cptt', 'majuu', 'allcaps'];user papi makan bubur diaduk diaduk allcaps cptt majuu allcaps;user papi makan bubur aduk aduk allcaps cptt majuu allcaps
86;@cowobangkit aneh msa makan bubur ga diaduk;0;user aneh msa makan bubur ga diaduk;['user', 'aneh', 'msa', 'makan', 'bubur', 'ga', 'diaduk'];['user', 'aneh', 'msa', 'makan', 'bubur', 'tidak', 'diaduk'];['user', 'aneh', 'msa', 'makan', 'bubur', 'diaduk'];user aneh msa makan bubur diaduk;user aneh msa makan bubur aduk
87;aneh sama orang yang makan bubur kok ga diaduk;0;aneh sama orang yang makan bubur kok ga diaduk;['aneh', 'sama', 'orang', 'yang', 'makan', 'bubur', 'kok', 'ga', 'diaduk'];['aneh', 'sama', 'orang', 'yang', 'makan', 'bubur', 'kok', 'tidak', 'diaduk'];['aneh', 'orang', 'makan', 'bubur', 'diaduk'];aneh orang makan bubur diaduk;aneh orang makan bubur aduk
88;@perflexed_ @convomf Wah kasian bgt hidupnya ga ngerasain nikmat bubur gk diaduk;0;user user wah kasian bgt hidupnya ga ngerasain nikmat bubur gk diaduk;['user', 'user', 'wah', 'kasian', 'bgt', 'hidupnya', 'ga', 'ngerasain', 'nikmat', 'bubur', 'gk', 'diaduk'];['user', 'user', 'wah', 'kasihan', 'banget', 'hidupnya', 'tidak', 'merasakan', 'nikmat', 'bubur', 'tidak', 'diaduk'];['user', 'user', 'kasihan', 'banget', 'hidupnya', 'merasakan', 'nikmat', 'bubur', 'diaduk'];user user kasihan banget hidupnya merasakan nikmat bubur diaduk;user user kasihan banget hidup rasa nikmat bubur aduk
89;Ga habis pikir sama orang2 yg sarapan bubur, tapi mereka tim bubur diaduk, apa ga jijik menurut gw bentukan nya macâ¦ https://t.co/ne69i4SPQp;0;ga habis pikir sama orang2 yg sarapan bubur tapi mereka tim bubur diaduk apa ga jijik menurut gw bentukan nya mac cone69i4spqp;['ga', 'habis', 'pikir', 'sama', 'orang2', 'yg', 'sarapan', 'bubur', 'tapi', 'mereka', 'tim', 'bubur', 'diaduk', 'apa', 'ga', 'jijik', 'menurut', 'gw', 'bentukan', 'nya', 'mac', 'cone69i4spqp'];['tidak', 'habis', 'pikir', 'sama', 'orang2', 'yang', 'sarapan', 'bubur', 'tapi', 'mereka', 'tim', 'bubur', 'diaduk', 'apa', 'tidak', 'jijik', 'menurut', 'saya', 'bentukan', 'nya', 'mac', 'cone69i4spqp'];['habis', 'pikir', 'orang2', 'sarapan', 'bubur', 'tim', 'bubur', 'diaduk', 'jijik', 'bentukan', 'nya', 'mac', 'cone69i4spqp'];habis pikir orang2 sarapan bubur tim bubur diaduk jijik bentukan nya mac cone69i4spqp;habis pikir orang2 sarap bubur tim bubur aduk jijik bentuk nya mac cone69i4spqp
90;@almostdita Plis ini sekte perkubuan yang sama aja kek si sekte bubur di aduk atau engga diaduk. Riweh ð©;0;user plis ini sekte perkubuan yang sama aja kek si sekte bubur di aduk atau engga diaduk riweh;['user', 'plis', 'ini', 'sekte', 'perkubuan', 'yang', 'sama', 'aja', 'kek', 'si', 'sekte', 'bubur', 'di', 'aduk', 'atau', 'engga', 'diaduk', 'riweh'];['user', 'mohon', 'ini', 'sekte', 'perkubuan', 'yang', 'sama', 'saja', 'kayak', 'sih', 'sekte', 'bubur', 'di', 'aduk', 'atau', 'tidak', 'diaduk', 'riweh'];['user', 'mohon', 'sekte', 'perkubuan', 'kayak', 'sih', 'sekte', 'bubur', 'aduk', 'diaduk', 'riweh'];user mohon sekte perkubuan kayak sih sekte bubur aduk diaduk riweh;user mohon sekte kubu kayak sih sekte bubur aduk aduk riweh
91;RT @ianhugen: sumpah gue baru tau, selain bubur. TERNYATAAAA ada orang yg bisa makan yoshinoya tanpa diaduk. hahhh ?????????!! aneh bang;0;rt user sumpah gue baru tau selain bubur allcaps ternyata elongated allcaps ada orang yg bisa makan yoshinoya tanpa diaduk hah elongated repeated aneh bang;['rt', 'user', 'sumpah', 'gue', 'baru', 'tau', 'selain', 'bubur', 'allcaps', 'ternyata', 'elongated', 'allcaps', 'ada', 'orang', 'yg', 'bisa', 'makan', 'yoshinoya', 'tanpa', 'diaduk', 'hah', 'elongated', 'repeated', 'aneh', 'bang'];['rt', 'user', 'sumpah', 'saya', 'baru', 'tau', 'selain', 'bubur', 'allcaps', 'ternyata', 'elongated', 'allcaps', 'ada', 'orang', 'yang', 'bisa', 'makan', 'yoshinoya', 'tanpa', 'diaduk', 'hah', 'elongated', 'repeated', 'aneh', 'bang'];['rt', 'user', 'sumpah', 'tau', 'bubur', 'allcaps', 'elongated', 'allcaps', 'orang', 'makan', 'yoshinoya', 'diaduk', 'hah', 'elongated', 'repeated', 'aneh', 'bang'];rt user sumpah tau bubur allcaps elongated allcaps orang makan yoshinoya diaduk hah elongated repeated aneh bang;rt user sumpah tau bubur allcaps elongated allcaps orang makan yoshinoya aduk hah elongated repeated aneh bang
92;@gofoodindonesia Bubur mantap juga tapi aku gak suka yg diaduk ya?? #RekomendAsik https://t.co/fDMb7gg6rV;0;user bubur mantap juga tapi aku gak suka yg diaduk ya repeated hashtag rekomend asik hashtag cofdmb7gg6rv;['user', 'bubur', 'mantap', 'juga', 'tapi', 'aku', 'gak', 'suka', 'yg', 'diaduk', 'ya', 'repeated', 'hashtag', 'rekomend', 'asik', 'hashtag', 'cofdmb7gg6rv'];['user', 'bubur', 'mantap', 'juga', 'tapi', 'aku', 'tidak', 'suka', 'yang', 'diaduk', 'ya', 'repeated', 'hashtag', 'rekomend', 'asyik', 'hashtag', 'cofdmb7gg6rv'];['user', 'bubur', 'mantap', 'suka', 'diaduk', 'ya', 'repeated', 'hashtag', 'rekomend', 'asyik', 'hashtag', 'cofdmb7gg6rv'];user bubur mantap suka diaduk ya repeated hashtag rekomend asyik hashtag cofdmb7gg6rv;user bubur mantap suka aduk ya repeated hashtag rekomend asyik hashtag cofdmb7gg6rv
93;@convomfs yg enak dipandang alias GW TIM BUBUR GAK DIADUK.;0;user yg enak dipandang alias allcaps gw tim bubur gak diaduk allcaps;['user', 'yg', 'enak', 'dipandang', 'alias', 'allcaps', 'gw', 'tim', 'bubur', 'gak', 'diaduk', 'allcaps'];['user', 'yang', 'enak', 'dipandang', 'alias', 'allcaps', 'saya', 'tim', 'bubur', 'tidak', 'diaduk', 'allcaps'];['user', 'enak', 'dipandang', 'alias', 'allcaps', 'tim', 'bubur', 'diaduk', 'allcaps'];user enak dipandang alias allcaps tim bubur diaduk allcaps;user enak pandang alias allcaps tim bubur aduk allcaps
94;@convomfs Bubur gak diaduk, kalo diaduk kek muntahan anjir ??;0;user bubur gak diaduk kalo diaduk kek muntahan anjir repeated;['user', 'bubur', 'gak', 'diaduk', 'kalo', 'diaduk', 'kek', 'muntahan', 'anjir', 'repeated'];['user', 'bubur', 'tidak', 'diaduk', 'kalau', 'diaduk', 'kayak', 'muntahan', 'anjir', 'repeated'];['user', 'bubur', 'diaduk', 'diaduk', 'kayak', 'muntahan', 'anjir', 'repeated'];user bubur diaduk diaduk kayak muntahan anjir repeated;user bubur aduk aduk kayak muntah anjir repeated
95;Pantes ngaco, liat bionya ini orang makan bubur gak diaduk https://t.co/6BEb4moxEo;0;pantes ngaco liat bionya ini orang makan bubur gak diaduk co6beb4moxeo;['pantes', 'ngaco', 'liat', 'bionya', 'ini', 'orang', 'makan', 'bubur', 'gak', 'diaduk', 'co6beb4moxeo'];['pantas', 'kacau', 'lihat', 'bionya', 'ini', 'orang', 'makan', 'bubur', 'tidak', 'diaduk', 'co6beb4moxeo'];['kacau', 'lihat', 'bionya', 'orang', 'makan', 'bubur', 'diaduk', 'co6beb4moxeo'];kacau lihat bionya orang makan bubur diaduk co6beb4moxeo;kacau lihat bionya orang makan bubur aduk co6beb4moxeo
96;@convomfs Nder lu pasti sekte bubur gak diaduk kan. Sampe mie aja juga ogah lu aduk;0;user nder lu pasti sekte bubur gak diaduk kan sampe mie aja juga ogah lu aduk;['user', 'nder', 'lu', 'pasti', 'sekte', 'bubur', 'gak', 'diaduk', 'kan', 'sampe', 'mie', 'aja', 'juga', 'ogah', 'lu', 'aduk'];['user', 'nder', 'kamu', 'pasti', 'sekte', 'bubur', 'tidak', 'diaduk', 'kan', 'sampai', 'mie', 'saja', 'juga', 'tidak', 'kamu', 'aduk'];['user', 'nder', 'sekte', 'bubur', 'diaduk', 'mie', 'aduk'];user nder sekte bubur diaduk mie aduk;user nder sekte bubur aduk mie aduk
97;bubur gak diaduk hny utk org denial;0;bubur gak diaduk hny utk org denial;['bubur', 'gak', 'diaduk', 'hny', 'utk', 'org', 'denial'];['bubur', 'tidak', 'diaduk', 'hanya', 'untuk', 'orang', 'denial'];['bubur', 'diaduk', 'orang', 'denial'];bubur diaduk orang denial;bubur aduk orang denial
98;gw barusan makan bubur gak diaduk. apaan bagian bawahnya hambar kocak gajelas;0;gw barusan makan bubur gak diaduk apaan bagian bawahnya hambar kocak gajelas;['gw', 'barusan', 'makan', 'bubur', 'gak', 'diaduk', 'apaan', 'bagian', 'bawahnya', 'hambar', 'kocak', 'gajelas'];['saya', 'barusan', 'makan', 'bubur', 'tidak', 'diaduk', 'apaan', 'bagian', 'bawahnya', 'hambar', 'kocak', 'gajelas'];['barusan', 'makan', 'bubur', 'diaduk', 'bawahnya', 'hambar', 'kocak', 'gajelas'];barusan makan bubur diaduk bawahnya hambar kocak gajelas;barusan makan bubur aduk bawah hambar kocak gajelas
