Tweets;Labels
@seongwuuu95 SIAPA YANG NGIDE MAKAN BUBUR DIADUK SIH?;0
@tennierubyten Sambil makan bubur, diaduk;1
Kenapa ini game dari bubur diaduk/bubur diseruput jadi doi fall out love/diselingkuhin taeeeekkk;0
RT @fantabeku: mile kalo kulit ayam mcd nya diminta, ngantri mie gacoan, makan bubur diaduk sm ngangkat galon,  kayaknya mau2 aja asal apoâ€¦;1
@Ken_Atie @Iyaaaa_iniaku Tuh @Nisaa_C_Almeer  penikmat bubur ayam diaduk;1
@cimolasin apkh km sekte bubur diaduk? klo iyh ak akan ngepens sm km;1
@bittrefIy @ssefnum LMAO gapapa pertumpahan bubur daripada ribut bubur diaduk apa engga;1
bubur diaduk itu ga enak. jadi lebih baik tidak diadukğŸ˜˜ https://t.co/K227kxg2QO;0
@itjeea MANA ENAK BUBUR GA DIADUK;1
@adamnoto @fuckedupfoods hanya orgil yg makan bubur ga diaduk;0
Bubur diaduk or tidak diaduk;1
bubur diaduk/diaduk?;1
@zvhaolusi Bubur diaduk apa disedot;1
fvk bubur diaduk, penistaan tehadap seni visual buryam https://t.co/frm3p3OzUD;0
"Team Bubur DiadukâŒ
Team Bubur Gak diadukâŒ
Team Gak makan bubur âœ…";1
orangâ€ pada sibuk bubur diaduk sma engga diaduk, gw yg adem anyem aj bubur pke saos barbeque https://t.co/q7JJFiSpOC;1
Perkara bubur diaduk ama ga diaduk ga kelar2 ajg https://t.co/t1djnfDJlc;0
"@BBYAMBIwuih tim bubur gak diaduk soalnya kalau diaduk ga estetik udah kek makanan ayam

@IUUUwuih sampe sekarang mâ€¦ https://t.co/a8srGFJQZ9";0
@amfas2020 Ampuun tim bubur diaduk jgn marahin kita yağŸ˜­ğŸ™âœ‹ğŸ˜…;1
@AndromedaJ_ jingga kalo makan bubur diaduk apa dilemparin;0
@dalunathe @PRlSKILA @jaydennio bubur diaduk ap ga diaduk kalo bleh tau;1
"tim bubur ayam gak diaduk siniğŸ˜âœ‹

sarapan plus maksi alias ngebrunchğŸŒ¨â¤ï¸â€ğŸ©¹ https://t.co/p8nLmn9Xfh";1
@JohProdite___ Ternyata iya ya. Bubur diaduk ngeri banget bentuknya. TAPI AKU TEAM DIADUK ğŸ˜­;0
@kenziasha huumph! setuju! harus diaduk bubur tuh. wajib hukumnya. ğŸ˜›ğŸ’¢;1
@firwithaf bubur diaduk ato egk;1
RT @suami_tergoda: Gw sebagai tim bubur diaduk kok jadi bingung ya ğŸ¤” https://t.co/WSU9lGVNdU;1
@TheModernKate kate aku ngelindur. sarapan bubur ayam dong, kamu tim diaduk apa ngga?;1
@bellsyles @justloveten Bubur itu gak diaduk âœŠğŸ» https://t.co/cenxZA8Ha6;1
fact: hobi makan bubur ga diaduk tapi yoongi makan bubur diaduk jangan tanya knp gue tau ğŸ™ğŸ»;1
abis makan bubur trs kepikiran member bts tipe orang yg makan bubur diaduk atau gak ya? https://t.co/z6qw9ZhvmA;1
"@justloveten aduklah buburmu dik @ayy_wufU

BUBUR DIADUK FOR BETTER LIFE https://t.co/zTS8zYlE61";1
@justloveten Gak ada yaa, pokoknya bubur itu gak diaduk âœŠğŸ»âœŠğŸ»;1
"@justloveten Ada dong, kan waktu di sendok dikasih kuah nya
Pokoknya tim bubur gak diaduk âœŠğŸ»";1
@paduka_oyen2 Bubur ga diaduk nih;1
@justloveten Kita beda sekte, bubur itu gak diaduk ğŸ™…ğŸ»ğŸ™…ğŸ»ğŸ™…ğŸ»;1
@0rghil bubur emang harusnya ga diadukğŸ—¿;1
"klian mkan bubur diaduk/egk?

kl ak dh jls diadukğŸ¥° https://t.co/MNnpJGURJE";1
@anothersins__ makan bubur diaduk tuh kek makan muntah;0
@mks_fess Orang macam apa yang makan bubur tidak diaduk? gak abis thinking ğŸ¥²;0
RT @MomoGembul: Jangankan bubur..mie goreng instan aj aku team gk diaduk koq ğŸ˜ https://t.co/f6gQcb1FhT;1
@reikaoningitis pernah ga makan bubur tapi diaduk;1
RT @suami_tergoda: Gw sebagai tim bubur diaduk kok jadi bingung ya ğŸ¤” https://t.co/WSU9lGVNdU;1
@fafacu02 Mo diaduk ato engga sama aja sih ga ada preferensi khusus kl makan bubur;1
"@BTX_7911 Ga kefoto;"") soalnya berantakan tp klo makan bubur diaduk ko";1
Tim bubur gak diaduk, karena perasaanku udah diaduk sama kamu~~ https://t.co/j91wv9lP51;0
Emang pagi-pagi enaknya makan bubur diaduk;1
Mulai sekarang kalo makan bubur diaduk.;1
@59O55 Matchanya ngga terlalu manis sih, tapi bitter-nya tuh kurang banget. Buat disebut hint aja masih kurang. ğŸ¥² Hâ€¦ https://t.co/W9ns27TyBB;0
Lumayan enak jga bubur diaduk;1
@DoyGanz Bubur diaduk pa disedot bang?;1
Tim bubur diaduk trus disuapin km https://t.co/RkXC0ZjG5J;1
@ssefnum Bubur diaduk gak diaduk anjing.;0
@urtannedskin Tim bubur ga diaduk hadir;1
tim bubur diaduk po di dulang bakul e?;1
@urtannedskin Bubur ayam diaduk apa enggak;1
"@slackxrlife Aku nggak terima kalau diaduk, aku tim bubur no aduk-aduk. /heh 
Tapi kayaknya aku ngerti maksud kamu,â€¦ https://t.co/HfBy1ueiYo";0
@tempodotco @DyandraGlobal Seandainya aku malam mingguan dengan bias NCT, aku bakal ajak Haechan buat mam bubur trsâ€¦ https://t.co/VqUKQ0oT6C;1
@_pigcantfly SELAMAT PAGIIII JANGAN LUPA SARAPAN BUBUR DIADUK!!!!;0
Perihal bubur diaduk atau gak diaduk ga musti jadi masalah, bukannya hidup emang selalu saling mengisi? Seperti kamâ€¦ https://t.co/CqqftX2NbJ;1
Emak gw tim bubur gak diaduk ğŸ‘ğŸ‘;0
Bubur tu diaduk. https://t.co/JJPElbopTu;1
@xxxxxxyours Tim bubur tidak diaduk âœŠğŸ»;1
"@mks_fess Demi menjaga keindahan (aesthetic) bubur ayam dan rasa tiap unsur kelezatan di dalamnya

Tidak perlu diaduk ğŸ™";1
Untuk menilai sesuatu agar lebih objektif, mari kita coba bubur diaduk https://t.co/pQVg3GAcEj;1
@suzu2AM Waduh, kamu tim bubur diaduk atau disedot nih jangan-jangan? Nanti habis selesai makan deh balik tidur lagi, Zu.;0
Kadang heran aja sama orang yang makan bubur ayam ga diaduk. https://t.co/wjMDYL3Lof;0
@prettynahyuck Lestarikan budaya bubur diaduk;1
kamu tim bubur diaduk atau bubur d banting?;1
@anecsya Bubur ga nes? Tapi jangan diaduk ya makannya.;1
@YejiOfWD Tos! Tapi maksud gue nggak diaduk itu topingnya aja sih, jadi bubur sama kuah kuningnya gue aduk dulu baru gue tata toppingnya;1
Bubur kok diaduk. https://t.co/3gojQFCrg7;0
@anakpecundangg itu bubur diaduk dit? gua sarapan risol;1
@Hosh_kw0n Bubur diaduk tuh kek muntahan kucing wleekk, tapi gue tim yg makan bubur suka di aduk ğŸ˜­ğŸ˜­ğŸ˜­;0
"cantik2 tp makan bubur ayamnya diaduk
SEKIPPPPP";0
@itjeea MANA ENAK BUBUR GA DIADUK;0
@adamnoto @fuckedupfoods hanya orgil yg makan bubur ga diaduk;0
@BBYAMBIwuih tim bubur gak diaduk soalnya kalau diaduk ga estetik udah kek makanan ayam;0
mam bubur tuh ga diaduk!!! https://t.co/cMv5L9z5TC;0
@aaaaaabible @nashaazia @convomf Ez, pakai sendok keren loh kak. Klau bubur, menurutku lebih enak diaduk kak, klau ga, sia-sia bumbunya :);1
@ameliaanff Keturunan dajal yg makan bubur ga diaduk;0
@borasaeksourire Horeeeeeee, kita se team: team bubur ga diaduk ğŸ˜‚ğŸ˜‚ğŸ‘ğŸ‘ğŸ‘Heran ma orang2,;0
@WagimanDeep212_ Bib, mnurut kabar burung (tau burung siapa?). Ukhty ini merepukan ketua gerakan sayap kirip Bubur Ayam Ga Diaduk.;1
@sugaringcandyp bubur ga diaduk tu enakk tauu, hidup bubur ga diaduk;1
Apa enaknya bubur ga diadukğŸ‘ğŸ» https://t.co/5Z0mZuN8Ai;0
Bubur ga diaduk jaya jaya jaya! https://t.co/IOkavAUQf1;1
@kwnjiyong88 papi ak bisa makan bubur diaduk sama ga diaduk CPTT PADA MAJUU;0
@cowobangkit aneh msa makan bubur ga diaduk;0
aneh sama orang yang makan bubur kok ga diaduk;0
@perflexed_ @convomf Wah kasian bgt hidupnya ga ngerasain nikmat bubur gk diaduk;0
Ga habis pikir sama orang2 yg sarapan bubur, tapi mereka tim bubur diaduk, apa ga jijik menurut gw bentukan nya macâ€¦ https://t.co/ne69i4SPQp;0
@almostdita Plis ini sekte perkubuan yang sama aja kek si sekte bubur di aduk atau engga diaduk. Riweh ğŸ˜©;0
RT @ianhugen: sumpah gue baru tau, selain bubur. TERNYATAAAA ada orang yg bisa makan yoshinoya tanpa diaduk. hahhh ?????????!! aneh bang…;0
@gofoodindonesia Bubur mantap juga tapi aku gak suka yg diaduk ya?? #RekomendAsik https://t.co/fDMb7gg6rV;0
@convomfs yg enak dipandang alias GW TIM BUBUR GAK DIADUK.;0
@convomfs Bubur gak diaduk, kalo diaduk kek muntahan anjir ??;0
Pantes ngaco, liat bionya ini orang makan bubur gak diaduk https://t.co/6BEb4moxEo;0
@convomfs Nder lu pasti sekte bubur gak diaduk kan. Sampe mie aja juga ogah lu aduk;0
bubur gak diaduk hny utk org denial;0
gw barusan makan bubur gak diaduk. apaan bagian bawahnya hambar kocak gajelas;0
